"","baseMean","log2FoldChange","lfcSE","stat","pvalue","padj"
"Gm28635",109.415088048058,-24.0525022480566,4.78506318682474,-5.02657986090614,0.000000499304605330959,0.0000171907947696474
"mt-Nd4l",387.225231214997,-13.0419166040872,4.50187556379798,-2.89699624506825,0.00376754264734675,0.0323775052310609
"H2ac23",1728.11012930595,-11.4200664118393,2.61647389233686,-4.36467814385093,0.0000127310064577374,0.000288369639348806
"Rpl7a-ps11",80.2319237729393,-11.0684092251663,1.68743180510121,-6.55932239258842,0.0000000000540528291741563,0.00000000455659777481521
"Prss50",35.6582511996816,-9.88171531294955,1.86900332545221,-5.28715769436025,0.000000124231538272277,0.0000050041442780907
"Sowaha",14334.4678706737,-8.93239417405315,1.45782104749131,-6.12722267209989,0.000000000894262808647777,0.0000000579361959909077
"Kcnq3",30.9844321347427,-8.83344904210635,2.4638821336477,-3.58517516786759,0.000336852036276738,0.00469240051215483
"5730460C07Rik",22.2292016135494,-8.83052613899609,2.67217152651047,-3.30462548956492,0.000951033895454939,0.0109101343399145
"Trpc2",14.1135209571583,-8.21897438537972,2.76457692833687,-2.97295918993441,0.00294943664182828,0.0267972704669221
"BC021767",49.7084639066017,-8.06512435227279,1.88748665627529,-4.2729437717924,0.0000192909115261358,0.000422900223992527
"Gm37873",37.5422700850579,-7.53120782458042,1.86181492348964,-4.04508940688073,0.0000523031593707012,0.00100868616550524
"Asb17",21.5063487582097,-7.5283164833017,1.9159082259122,-3.92937218050583,0.000085167933315795,0.00150414296052539
"A730036I17Rik",1019.56835007576,-7.51667025102234,1.81527813246807,-4.14078157863479,0.000034612443116385,0.000709338213941555
"Nrip3",474.83823683793,-7.4357484127177,1.47839376475074,-5.02961294210503,0.000000491470937748917,0.000016992633648934
"1700101I11Rik",10.595795438591,-7.40598821521214,2.2908710745846,-3.23282628052522,0.00122572074454216,0.0134705488582831
"Ccdc74a",12.2543077645827,-7.3462161396848,2.20884320945555,-3.32582055088263,0.000881586658671807,0.0102542448192879
"Iqcd",341.440385349841,-7.24282317427186,1.49444910823075,-4.84648365366319,0.00000125668937152415,0.0000384867003406479
"Ccdc38",13.8914374561394,-7.22754032182197,2.40494601498215,-3.00528173056543,0.00265334957019324,0.0247393836208325
"ENSMUSG00000103171",46.5363375112852,-7.18468550540356,2.4493910621825,-2.93325374470899,0.00335429628057186,0.0294450678327816
"H1f6",23.1057222845814,-7.17617732897693,2.10301992330334,-3.41232018273269,0.000644124076113832,0.00792626421427058
"C630004M23Rik",43.8409108452632,-7.13066020139386,1.79768729858759,-3.96657427962933,0.0000729130591141547,0.00132344080882673
"1110028F11Rik",12.3515559009595,-6.94037129329692,2.19510923158608,-3.16174302099862,0.00156827896468803,0.0163882646571937
"Gm12663",39.9361375862246,-6.81288075098226,1.77864106165094,-3.83038539808506,0.00012794271115369,0.00211351020020954
"Gm28857",48.1705742054892,-6.75739871986969,1.67732416513736,-4.02867785507418,0.0000560914175187793,0.00106541119872487
"Gm13169",16.0217822210519,-6.38238340741746,2.03969484964195,-3.12908737723088,0.00175350156625141,0.017900602131383
"Chrdl1",55.2120162089851,-6.24008391934567,2.25581642442663,-2.76621973835115,0.00567103075257881,0.0445242616071406
"Slc30a10",299.513384211371,-6.06136374985804,1.5701793644338,-3.86030022248047,0.000113247797700306,0.00190344756792478
"Kcnj5",119.103911877459,-6.02173473036765,1.05025187945841,-5.7336100493083,0.00000000983152245853453,0.000000508812399642005
"Gpc4",129.152098196041,-5.69783168747375,0.936793643384225,-6.08226980158616,0.00000000118492952900661,0.0000000748198359744176
"Crip2",68.5578200434615,-5.03491632700656,1.08792036606355,-4.62801918602234,0.00000369179822018253,0.0000962370730458626
"Gm11505",79.5668609880231,-4.98355881805974,1.0769852307339,-4.62732326855009,0.00000370422091371222,0.0000963097437565177
"Ap3s1-ps1",42.171512235023,-4.58001253562038,0.890505797977029,-5.14315858024151,0.000000270157394037618,0.00000997325964354674
"Pdia2",73.4243432436575,-4.55313585419716,1.20185246265851,-3.78843160509534,0.000151601314757842,0.00243369556605134
"Phf24",42.2079575810007,-4.33479842511644,1.53688775982468,-2.82050422837054,0.0047948241579429,0.0389154115528527
"Dnajb3",85.2237557109664,-4.28830837187299,1.15817954291968,-3.70262831707639,0.000213377377213253,0.00321323538392775
"Slc45a3",171.241864701463,-4.20514268478038,0.652362726012895,-6.44601924221105,0.000000000114826089982415,0.00000000907181582402135
"Gm6644",21.0828944406957,-4.00151664596773,1.38987662673271,-2.87904449143403,0.00398882056845985,0.0338346325604732
"Gm7399",87.0925484567797,-3.80903072748784,1.21857678026165,-3.12580281290932,0.00177320406521552,0.0180566496155259
"Hadhb-ps",81.0943393003948,-3.67848114696143,0.776300713451887,-4.73847451537787,0.00000215333103422647,0.0000608477871144257
"Spon2",52.393107787721,-3.51683280247611,1.09815352267117,-3.20249649058329,0.00136241960225902,0.0146489218772807
"Alas2",67749.5516453478,-3.44172450557502,1.07340597218068,-3.20635863296248,0.00134426337253386,0.0144822682440176
"Ly86",695.019536297452,-3.4158060009192,0.546429029089332,-6.2511430013371,0.000000000407459577772994,0.000000029355039360791
"Treml1",74.0792717138663,-3.38730606724908,1.02011707542424,-3.32050717398333,0.000898540497647523,0.0104070334975408
"St8sia6",451.897435804269,-3.22089265213244,0.43501637166822,-7.40407226463872,0.000000000000132070493886943,0.0000000000192846505091702
"Gstp3",81.7831253641334,-3.18482693504478,0.671144564652283,-4.74536650191725,0.0000020812914291128,0.0000591955478812361
"Cacna1e",137.180881635583,-3.11077340652784,0.668339399454502,-4.6544815539333,0.00000324796911200117,0.0000862293617819272
"Gm36948",127.315359738167,-3.09977988060812,0.604538382931057,-5.12751542024359,0.000000293590940159784,0.0000107173799896721
"Pam16l",63.5169858036947,-3.08168965890072,0.93266789750047,-3.30416611010156,0.000952593714035019,0.0109171111417861
"ENSMUSG00000084956",163.39367028225,-3.07864078716599,0.717079983613326,-4.29330180386976,0.0000176035458295278,0.000390092667338885
"Ppfia4",144.080671284959,-3.06640855861052,0.564467531387304,-5.43239139206846,0.0000000556037966267972,0.00000242491864009238
"Tmod1",5863.64431362303,-2.85466157820354,0.964643448457596,-2.95929193607023,0.00308346842124922,0.0276767522289296
"F13a1",4842.50410489406,-2.79032937590424,0.642004235848628,-4.346278762812,0.0000138466575097794,0.000311483131932507
"Dnah12",106.532434883114,-2.76684201834033,0.67466508738178,-4.10106002235539,0.0000411261857855273,0.000818220976078483
"Slc4a8",71.9680928453911,-2.7062436045265,0.88808049105493,-3.04729541047773,0.00230910655264463,0.0223175471749798
"Rhag",20721.4969739198,-2.57966543350258,0.718368819789859,-3.59100417840685,0.000329406354381318,0.00462016425347519
"Mt2",316.301923393117,-2.56496889268157,0.905446694045074,-2.83282153389129,0.00461391376940887,0.037917560695936
"Mylk3",7315.87070063424,-2.54104598115912,0.713762291525669,-3.56007316627449,0.0003707514803437,0.00503593829696086
"Kcng1",86.6651695617904,-2.53237090392988,0.620752378431461,-4.07951864852901,0.0000451290496426315,0.00088494062092997
"Sphk1",1027.24770118945,-2.51735010722478,0.855588422641344,-2.94224423871153,0.00325842822238151,0.0288356791930883
"H2bc27",285.505499996859,-2.49617731574746,0.496369821446405,-5.0288659944589,0.000000493389037098395,0.0000170229626850362
"Rps18-ps6",46.540455578293,-2.43210142460245,0.807655796421552,-3.01130931688755,0.00260123722952995,0.0243506775339055
"Il31ra",153.096798602794,-2.41496383339955,0.591886911632092,-4.08011021352109,0.0000450143527637335,0.000884813371512136
"Parvb",423.547287570659,-2.40664017407214,0.424102175559401,-5.67467066373268,0.0000000138955724353831,0.000000697080342356613
"Scin",242.025254000857,-2.40014557695936,0.408609289465237,-5.8739378639691,0.00000000425562936367802,0.000000238344392512296
"Slc38a5",1737.88889443621,-2.33378519870108,0.788846672302492,-2.95847758587762,0.00309162724355111,0.0277347624470844
"Mfsd2b",8388.44461405378,-2.33183252274313,0.641705211820018,-3.6338064266761,0.000279270417292747,0.00400279439474635
"Tifab",915.439641571573,-2.32567091149258,0.351088151940616,-6.62417942228353,0.0000000000349182429169162,0.00000000303109067353914
"Ms4a2",979.117162181875,-2.29569429307788,0.448461827838301,-5.11904057507794,0.000000307093893460467,0.0000111853308099164
"Gm7701",331.607251070256,-2.29552821983625,0.813465327962194,-2.82191279816038,0.00477381558436221,0.0387901478593504
"Gata1",1267.41154676176,-2.26765933332473,0.469372253722216,-4.83125986962743,0.00000135671781988463,0.0000409368325210209
"1700006J14Rik",151.301492385772,-2.24201781359254,0.759540843338946,-2.95180678334112,0.00315920546556136,0.0282480296248171
"mt-Co2",16122.6350346687,-2.23397481288124,0.75235372337543,-2.9693144906076,0.00298464963257828,0.0270420831530112
"Rab7b",189.163268606707,-2.2218076413442,0.472974556803938,-4.69752042553359,0.00000263338857264054,0.0000717773945282722
"Dpf3",2175.78084907043,-2.22044624156732,0.292814177010181,-7.58312409678893,0.0000000000000337331908084741,0.00000000000551672602481785
"Sh2d4a",310.682777236735,-2.21773445223146,0.658707329806832,-3.36679789623992,0.000760463981320699,0.00908446161469591
"Irf8",2159.93535993711,-2.21637438666771,0.23285985293948,-9.51806143776851,0.00000000000000000000176439619056821,0.000000000000000000961831176685083
"mt-Atp6",42281.8333004782,-2.21501370330965,0.407314138437812,-5.43809677661812,0.0000000538527228699266,0.00000235483270003952
"Ms4a6c",1394.09084024823,-2.18217701516401,0.234367606548329,-9.31091564786714,0.0000000000000000000126735006137971,0.00000000000000000609595379523642
"Steap3",598.686166026662,-2.17938081584328,0.304114849366285,-7.16630845348288,0.000000000000770470727258585,0.0000000000954566535877795
"Cecr2",937.977851506467,-2.16009556206708,0.300597982141145,-7.18599488486522,0.000000000000667195421224609,0.0000000000839331839900559
"Slc25a21",1206.79580059994,-2.15144541047893,0.74765537382134,-2.87758971019319,0.00400725952153204,0.0339558146192409
"Myh10",5858.84557826853,-2.14753373266279,0.715310409728958,-3.00224029100391,0.00268000539935164,0.0249594580301804
"Cpa3",1331.5599422513,-2.14405595629692,0.312588817100946,-6.85902962294563,0.00000000000693298630723998,0.000000000722178713812756
"Abca9",303.494717746284,-2.14228044634446,0.605127849310913,-3.5402112938348,0.000399806801947,0.00537258869272082
"Csf1r",1334.93556207717,-2.13667217143901,0.39475983264549,-5.41258759058657,0.0000000621204507445614,0.00000268761336369459
"Reps2",275.601035757598,-2.13212271278725,0.31048639231266,-6.8670407643508,0.00000000000655473445368406,0.000000000696078748412657
"Ache",1793.72908490947,-2.12825512769277,0.299361617902859,-7.10931195054995,0.00000000000116622881694711,0.000000000141277822758171
"Pf4",288.261537751213,-2.12218568375893,0.537335384220329,-3.94946200469976,0.0000783270423290859,0.00139842843913741
"Il1rl1",1308.06025386812,-2.11650965363282,0.444164448672766,-4.76514871903252,0.00000188714405772451,0.0000544309592945796
"Gna14",145.623194473041,-2.09932463731128,0.67848671032989,-3.09412786624894,0.00197392393194342,0.0196545496765438
"Mpo",34650.9379857114,-2.0910732955894,0.379060149298014,-5.51646829523462,0.0000000345879852545198,0.00000155925638827496
"Rab44",2317.68721064914,-2.08399684347022,0.311392498596383,-6.69250817814796,0.0000000000219377483989329,0.00000000195736450915658
"Smim1",398.053676264487,-2.07008688763413,0.450622729466769,-4.59383593473793,0.00000435171563613914,0.000109827094928116
"Arap3",632.262350782278,-2.06435104915922,0.316393802936524,-6.52462541933344,0.0000000000681716860432057,0.00000000560241082186224
"Hspa1b",1311.98009028561,-2.04224711699562,0.312319175044863,-6.53897448564361,0.0000000000619420901974452,0.00000000514213676694933
"Abcb6",2627.72413174646,-2.03870047937471,0.302429597331397,-6.74107460831864,0.0000000000157219444657276,0.0000000014608902260938
"Tlcd4",1656.82088206745,-2.02443475059021,0.399507197698795,-5.06732985601055,0.000000403434832297904,0.0000142808944748916
"Gm10110",1139.55417096812,-2.02377765771518,0.415684219564776,-4.86854579140409,0.0000011242247397771,0.0000350869683097609
"Abcg4",497.665868706376,-2.01609038248911,0.395541920351816,-5.09703340848397,0.000000345017458738323,0.0000124556634000144
"Tspan8",8114.84199428932,-2.00399299505573,0.312897444960169,-6.4046320202801,0.000000000150732477262777,0.000000011794636043806
"Gbp2",966.80904747707,2.00570186232793,0.293913372766169,6.82412590979188,0.00000000000884622707338982,0.000000000898846853863451
"St14",222.083323528546,2.00883349830601,0.46648749451549,4.30629657155645,0.0000166010454756491,0.000370892756432739
"Acer2",123.393306036024,2.01012347952659,0.637273002030316,3.15425802304891,0.00160906753765859,0.0167502804015714
"Shisa8",97.3975940901635,2.01057084308526,0.591036615263,3.40177036610599,0.000669508680070521,0.00820775483798599
"Mcoln2",370.633451614111,2.01366773727317,0.319627745280143,6.30004049087871,0.000000000297567900174083,0.0000000219208353128241
"Ctla2b",454.409684296621,2.01938460145638,0.264646277278031,7.63050446893254,0.000000000000023383685908684,0.00000000000386279595303654
"Mmrn1",1728.49576755832,2.02615407519973,0.286255100119583,7.07814140028702,0.00000000000146100613773219,0.000000000170666388403373
"Carmil2",190.472410661568,2.03046114021768,0.442936360359684,4.58409225778813,0.0000045596289785263,0.000114544043494346
"Fcgrt",335.151731792592,2.03607060018463,0.370585264986008,5.49420279908188,0.0000000392479272789159,0.00000174893897198744
"Ets1",1354.87669535939,2.03697682176629,0.183938634392451,11.0742195542249,0.000000000000000000000000000167331699418091,0.00000000000000000000000018243617415223
"Socs3",510.157404416257,2.03968473025455,0.259935155046144,7.84689831543741,0.00000000000000426452743757219,0.00000000000079252365584154
"Gm37352",351.757239520597,2.04108758868695,0.533202157628391,3.82798073767261,0.000129198864846433,0.00212140385110297
"Man1c1",226.26100902007,2.04181806391135,0.482579890119626,4.23104672555917,0.0000232606341602558,0.000501852785035388
"Irs2",877.535300791634,2.04566557163893,0.306775113997767,6.66829047826159,0.0000000000258800177964278,0.00000000228779357320422
"Irgm2",1454.66307144287,2.04893192035625,0.229570160000615,8.92507946307464,0.00000000000000000044537935563836,0.000000000000000169389162374645
"Etohd2",239.849261733093,2.06008288618215,0.557285832999722,3.69663602444956,0.00021847522215553,0.00326594495715863
"C3",6158.40596371831,2.06024820232648,0.725061916822034,2.84147898893464,0.00449048108488017,0.0371083009914757
"ENSMUSG00000097531",2020.10940301366,2.07344456962899,0.442074983264304,4.69025538228507,0.00000272864265594625,0.0000741266146102077
"Sbf2",158.75552826395,2.07976917937959,0.397167231080048,5.23650748759889,0.000000163643606364185,0.00000635683500826574
"Itk",138.188158765813,2.08186731334573,0.723770828638696,2.87641782587648,0.00402216907205791,0.0340284791279067
"Rhou",412.941484581386,2.08340572116709,0.413168020673411,5.04251446607945,0.000000459454009081373,0.0000160211319072852
"Dntt",4675.63599178405,2.08946967811261,0.233337628607366,8.95470520799941,0.000000000000000000340644604963783,0.000000000000000135875655355554
"Fam110c",212.649578719932,2.09094926898316,0.663136557855494,3.15312018952031,0.00161535283380311,0.0167943294621844
"Txlnb",73.1560868438523,2.09387950268277,0.673193208515475,3.11036932071877,0.00186853554670012,0.0188522071656058
"P2ry13",95.4979500463115,2.09576342238567,0.681172921618127,3.07669808336946,0.00209307182945235,0.0205586166359542
"Fhdc1",25449.4735636027,2.09679345156487,0.317829571504198,6.59722580765954,0.0000000000418922473550809,0.00000000358694143060206
"Apobr",735.387137248452,2.10084619451496,0.317170690348424,6.62370849023627,0.0000000000350297258957379,0.00000000303109067353914
"Alcam",1367.53725869403,2.1032678222739,0.245155168197696,8.57933299035246,0.00000000000000000954248591946384,0.00000000000000312115629453823
"Obsl1",109.332259394044,2.10456968344222,0.672433627792388,3.12978054109453,0.00174936942061035,0.0178695737068467
"Mirt1",302.403744460601,2.12639669633065,0.463650393999603,4.58620702980028,0.00000451371033004176,0.000113564951903851
"Tspyl4",196.436981393428,2.12778023326552,0.448562606028748,4.74355241535482,0.00000210002573620898,0.000059521353362152
"Dusp5",960.982655187287,2.12818875795048,0.441947274616722,4.81548112225864,0.00000146845646537267,0.0000437434190067481
"Gcnt2",4169.74221435223,2.13362659586263,0.365780714149042,5.83307570172566,0.00000000544148647301005,0.000000296633565932021
"Rtl5",270.937126304425,2.13552625282886,0.596969164872927,3.57728066789419,0.000347187326195624,0.0048036391984799
"Arhgef10",225.185269202319,2.13581208352005,0.564899184214359,3.78087301805977,0.00015627937411141,0.00249589148849414
"Pde8a",146.866863203113,2.14792292295016,0.65498169236355,3.27936329823085,0.00104041602802781,0.0117587862628658
"Triqk",79.6430330392351,2.15070167961907,0.784475897310416,2.74157776802674,0.00611448845515964,0.0470792580958949
"Dcaf12l1",108.702452037594,2.16379562698852,0.61977346786085,3.49126856697636,0.00048073275155807,0.00621003429619327
"Ttc39b",569.044956423617,2.16407731835286,0.578896242437734,3.73828185382569,0.000185282161850372,0.00286670243604634
"Gpr161",135.046467461487,2.17337292894843,0.567601413377463,3.82904777494469,0.000128640034992391,0.00211845436590946
"Map9",143.67868300249,2.17830045069925,0.468665777566262,4.64787606641766,0.00000335370298448359,0.0000887483149000721
"Plaur",331.712869962876,2.17858406364078,0.644101876868058,3.38235944014655,0.000718660447423905,0.00866738418670394
"Hyal1",210.068659431171,2.1785919928929,0.584529956131965,3.72708356524512,0.000193708247738042,0.00296620288717972
"4833407H14Rik",125.855810986702,2.1842235737489,0.460033565452907,4.74796566550206,0.00000205472906035132,0.0000586440472128892
"Sgk1",243.939965609907,2.19885022090989,0.488178715660956,4.50419108898023,0.0000066626235796259,0.000162385314487633
"Stxbp4",1959.42810857446,2.20875292305095,0.187322740885378,11.7911627419677,0.0000000000000000000000000000000433514145947246,0.0000000000000000000000000000886211292852659
"Spry1",252.031820655926,2.20932333916238,0.555539249799315,3.97689873390671,0.0000698198800380307,0.00127579253423682
"Hnf4a",357.84996643479,2.21216015890337,0.428970754044886,5.1569020452893,0.00000025106905945664,0.00000935303735388129
"Gimap5",254.815911716455,2.21431068037782,0.380231264579711,5.82358918545378,0.00000000575970553569597,0.000000311901405068781
"Spp1",136.787994618863,2.21996181916619,0.717498953076446,3.09402795592604,0.00197458879286789,0.0196545496765438
"Lck",199.054298796408,2.23368751403314,0.374257197240527,5.96832213382286,0.0000000023970575979251,0.000000140507096618162
"Eya2",354.880042383669,2.23378634386863,0.360499663527295,6.19636179965394,0.000000000577832190948519,0.0000000397053262637483
"Prg2",4328.14547751508,2.23475233467649,0.604190471436141,3.69875468139137,0.000216659881380445,0.00324473965210238
"Adgrd1",82.1322127199305,2.24165444187682,0.781981680520995,2.86663293746641,0.00414863880562335,0.0348804665309482
"Eps8",471.679948717621,2.24466401128675,0.355768927585909,6.3093312463178,0.00000000028024374534827,0.000000020738037155772
"Cyp2j6",355.830726220315,2.24516462548142,0.318759505349072,7.04344368655845,0.00000000000187545818675761,0.000000000214484218085552
"Card19",197.110749811785,2.2455449641524,0.461293852971905,4.86792735191545,0.00000112774769426478,0.0000351298776990594
"Zfp827",185.767072213469,2.24820969497602,0.457113813445289,4.91827118071789,0.000000873119004345764,0.0000279432254345805
"Sik1",1850.56208231512,2.24833905267906,0.367468660165852,6.11845116713982,0.000000000944892281838789,0.000000060599091675261
"Inppl1",134.95364474941,2.25116411512822,0.68894754312722,3.26754066776971,0.00108486278923928,0.0121769705252019
"Gvin2",11327.2728772557,2.25265519334134,0.303511880405138,7.42196710828722,0.00000000000011539347432939,0.0000000000171558625380259
"Gm20712",158.672479198589,2.25610786871158,0.789857045447987,2.8563496163182,0.00428542960002705,0.0358485502193568
"Nr4a2",301.682295372919,2.25808772078627,0.518289698178356,4.35680610423634,0.000013197408017303,0.00029769711822755
"Lyz2",33607.3065145434,2.26437264056163,0.407726371103546,5.55365755330692,0.0000000279753281821891,0.00000130716719169006
"Plscr4",229.571957860822,2.26939325488168,0.491006079244719,4.62192496348016,0.00000380195543938006,0.0000985375265540753
"ENSMUSG00000029333",214.816556697694,2.27880404207155,0.756232876664839,3.01336283093325,0.00258369811455412,0.0242559121500678
"Krt7",55.3782853524317,2.28574720907564,0.750130570772348,3.04713245684973,0.00231035877260859,0.0223175471749798
"Irf4",105.041168477735,2.30107533290149,0.572922467541999,4.01638173272164,0.000059098500634732,0.00111347566748895
"Rdh12",199.775324707373,2.3048124846889,0.663097496456133,3.47582745675677,0.000509279830471802,0.00651581952096517
"Itsn1",35771.8889869451,2.30533830317685,0.259055835269208,8.8990016410214,0.000000000000000000563512612210394,0.000000000000000209447392274745
"Arhgef9",82.1059358122411,2.31141398558256,0.750870890479057,3.07831081866534,0.00208177660862854,0.0204599607316773
"Trp53i11",225.55515715321,2.31416205790733,0.57380347101076,4.03302206211982,0.0000550641077958177,0.0010517570316407
"Tle2",90.0262318464384,2.31547014507942,0.61734899206015,3.75066643804259,0.000176365190851142,0.00274431620473794
"Clec5a",984.443860660228,2.31945520749539,0.375909329411528,6.17025177621,0.000000000681813350023765,0.0000000457799313447481
"Trp53inp2",267.320098100373,2.32355964676482,0.707880608085929,3.28241743059977,0.00102921122555896,0.0116482493998555
"Prkcb",620.956916825184,2.32839804779306,0.308058290512125,7.55830347536585,0.0000000000000408360406303938,0.0000000000064838117327132
"Dst",2141.43380277869,2.33389373675735,0.23642018855773,9.87180388864061,0.0000000000000000000000551635093341987,0.000000000000000000033412741913018
"Trem3",502.676065626566,2.33537361851726,0.690286440392063,3.38319497800194,0.000716477461163383,0.0086538200885273
"Esam",112.459015361351,2.34349186110634,0.826080390177805,2.83688111831578,0.00455565711367984,0.03749554487261
"Fas",93.1229922651064,2.34362693561883,0.804167356946278,2.91435223697521,0.00356427496439456,0.0309231579669542
"Slc6a15",120.715627612319,2.34780433792464,0.556875050385724,4.21603434432628,0.0000248635910667477,0.000531528324582472
"Sulf2",221.799859218905,2.35325043181327,0.79427573987756,2.96276256930122,0.00304891648143085,0.0274498191441871
"Cd4",82.8910969553011,2.35478161005014,0.683170929381979,3.44684105949935,0.000567182155654925,0.0071187236942292
"Gcsam",85.3865618554676,2.35515920365382,0.695744188698148,3.38509360467776,0.000711539857986438,0.00860053424797502
"Gprasp2",196.728341858643,2.36197895100975,0.389840597800417,6.05883267247346,0.00000000137112931156899,0.0000000842986795541325
"Tmem273",169.445353799239,2.36476526911331,0.707788841116206,3.34106040070369,0.00083459064556481,0.00978415442119492
"Cyp2j9",524.558755729583,2.36611341136983,0.249238339117232,9.49337657982426,0.00000000000000000000223669239150519,0.00000000000000000117996346357019
"Col16a1",229.416801654114,2.36875772819013,0.425150702362609,5.57157195090279,0.0000000252451064084906,0.00000120366900934243
"Galm",145.768949568451,2.37185720409509,0.666883012802544,3.55663161088401,0.000375640331500128,0.00508966195638202
"Nlrp1b",90.7574018791145,2.37267787007542,0.809553860653564,2.93084621714969,0.00338040077572564,0.0296583016556958
"Clic5",369.134757017507,2.37369415627919,0.367719171227609,6.45518194864507,0.000000000108088959322866,0.00000000858100408138911
"Slfn5",742.95161761402,2.38124138092031,0.284114133067089,8.38128450427356,0.0000000000000000523531828121139,0.0000000000000138094185759566
"Gimap6",3271.28359188502,2.40126060091516,0.198437564670159,12.1008368798847,0.0000000000000000000000000000000010453995562253,0.00000000000000000000000000000341929286850172
"Ptafr",497.207289307455,2.40204072649654,0.39205066666707,6.12686300706218,0.000000000896285776305469,0.0000000579361959909077
"Ncam1",535.230911020755,2.40365421117568,0.482268690143759,4.98405610876207,0.000000622650108865588,0.0000208664341811226
"Cd33",434.74919951327,2.41033357543763,0.391187198888026,6.16158601889109,0.000000000720199307606275,0.0000000476847752088786
"Oasl2",1749.5870913272,2.41392131495233,0.204002615531937,11.8327959112584,0.0000000000000000000000000000000264192614268708,0.0000000000000000000000000000617229430535778
"Gm9949",71.3380166997828,2.41468761171491,0.733903069974329,3.29019963331039,0.00100116325734995,0.0114097727600705
"Samd10",99.1324178888427,2.42523549806455,0.755432556789396,3.21039314002014,0.00132553543410392,0.0143182341409085
"Ear2",968.92855611593,2.42558699818743,0.35599108438934,6.81361726333184,0.0000000000095174710237383,0.000000000954900129584148
"Mgst2",161.677090427698,2.42838769314619,0.744999414667245,3.25958335716389,0.00111575987792983,0.0124214683755374
"Nsg1",47.1832104266361,2.43765704027551,0.832555922662793,2.92791988372272,0.00341237961311979,0.029874762415932
"Prom1",518.164094847858,2.44306875165769,0.424161156657175,5.75976539415249,0.00000000842309259068104,0.000000440099860153347
"Nfatc2",215.378631298465,2.44509650240566,0.451132480651613,5.41990791457529,0.0000000596297422613934,0.0000025935766088905
"Trem1",325.175664834721,2.45359038714014,0.436038179851761,5.62700813945762,0.0000000183362078644075,0.000000897815399444672
"Shisa5",1658.73616727172,2.45519572675865,0.27081473516632,9.06596062895467,0.000000000000000000123511051820109,0.0000000000000000504974935366517
"Pglyrp1",320.233550211376,2.45763385431472,0.751916051863028,3.2684949978464,0.00108121088646108,0.0121610198330018
"St6gal1",91.844853532867,2.46083137474217,0.686945505308613,3.582280334794,0.000340607993652086,0.00474068351334997
"Cebpe",623.868600838248,2.47265852077203,0.629191638695879,3.92989729789971,0.0000849821517984274,0.00150396427322384
"Gabbr1",216.843307446542,2.47641949049293,0.428310513556175,5.7818321337287,0.00000000738914221845728,0.000000391074536701134
"Mx2",77.2605201604273,2.48850670194316,0.677048421883314,3.67552249072673,0.000237363127795041,0.00350662745434516
"Itm2a",160.387453680997,2.48868929721228,0.464088432272042,5.36253249198302,0.0000000820632010971996,0.000003432382585022
"Rtp4",348.041020795071,2.49067394442922,0.422924885678166,5.88916384155402,0.00000000388154484606615,0.000000218140152620501
"Plag1",357.494278136411,2.49097872231578,0.50789329556046,4.90453160947318,0.000000936505403572073,0.0000297390473204227
"Klrb1c",53.0504933976775,2.51948475640351,0.712489098392108,3.53617306157988,0.000405968650642189,0.00543306981391355
"ENSMUSG00000089672",609.048997994421,2.52079126492683,0.488499021718558,5.16027904428261,0.000000246582031247394,0.00000920685511191754
"Spry2",191.63482884397,2.52083916013696,0.497227267826859,5.06979267479505,0.000000398249285281038,0.0000141279149923776
"Vldlr",1279.14511589409,2.52421949555527,0.84920962384276,2.97243392524559,0.00295448795695442,0.0268133718357561
"Clcf1",171.229287736237,2.52464026610043,0.529500063190961,4.76796971635097,0.00000186091747508621,0.0000538645033408141
"4833418N02Rik",123.239765420191,2.53240221508146,0.602231434868609,4.20503160157018,0.0000261045680156748,0.000552997545762105
"Galnt12",139.724488768583,2.53682597853966,0.560766207635003,4.52385672317625,0.00000607228386712217,0.000149332526861528
"Adam11",52.8458788157405,2.53781428047699,0.894579585069938,2.83687927025362,0.00455568348183173,0.03749554487261
"Sdc1",259.243227605772,2.5490427866798,0.793699001775131,3.21159883152025,0.00131998558831649,0.0142960558353164
"Abca13",2487.25204888777,2.5527940101059,0.794616721201243,3.21261048502323,0.00131534545879616,0.0142646947169446
"Fn3k",7100.65310712736,2.56040657908854,0.376967160823181,6.79212102586707,0.0000000000110496788495496,0.00000000107563361848532
"Snora7a",323.90890958194,2.57067355077008,0.846227969107484,3.03780263075134,0.00238309982229424,0.0228616620936058
"Bhlhe40",352.696022682112,2.57873273021881,0.341495841446144,7.55128589355162,0.0000000000000430981600002131,0.00000000000677718566003351
"Hoxa10",108.996549984078,2.5794270185342,0.606284272864035,4.25448446213063,0.0000209531208133219,0.000453864023551081
"Plk2",548.81425916854,2.5848192037325,0.302022957135129,8.55835340548638,0.000000000000000011449094068284,0.00000000000000367134283122972
"Gm37063",39.4162526644617,2.58840420620683,0.932526751687971,2.77568895639888,0.00550848797544336,0.0434567353354562
"Rhbdf1",95.2868468730158,2.59290278403495,0.774126901968723,3.34945443368627,0.000809708727815604,0.00956099388786743
"Slco2b1",115.553025122954,2.6005841028552,0.906303747508829,2.86943986494976,0.00411199514795913,0.034638140287183
"Col4a1",268.32534238249,2.60601368601808,0.366390226376957,7.11267249617327,0.00000000000113817144996451,0.000000000138907879796415
"Adam22",367.441707928594,2.60844755355637,0.353434432598712,7.38028701498359,0.000000000000157948661051191,0.0000000000228592248038157
"6430548M08Rik",1033.14352873619,2.61331596600019,0.345491590900668,7.56405086209912,0.0000000000000390706848322085,0.00000000000626433313476409
"Scube3",117.942340015021,2.61775798797128,0.540682166132797,4.84158374724039,0.00000128808367756982,0.0000391548707490276
"Gpr35",109.298538776482,2.61863340883272,0.813172283800983,3.22026889135047,0.0012807040919469,0.013944497150266
"Gata3",83.7920001227477,2.62067742060623,0.845837404137823,3.09832292564259,0.00194619235101702,0.0194073351881294
"Chi3l1",829.11055472212,2.6211123297553,0.502535304450218,5.21577749173829,0.000000183047802855519,0.00000704367945388039
"Far2",260.791317452466,2.62756764735199,0.847506133846953,3.10035236609449,0.00193290545088662,0.0192983734699632
"Icosl",136.056731202907,2.63243431377954,0.717171892884072,3.67057652412079,0.000242004001902368,0.00356699488988937
"Epx",1230.16822378306,2.64908261516553,0.442530901833541,5.98620933405909,0.00000000214787898511382,0.000000126810154955059
"Vegfc",44.8351925881391,2.65339817296963,0.947330447085339,2.80092145368427,0.00509569202101058,0.0410314856285608
"G0s2",176.422685862325,2.65791070428352,0.850409736126703,3.12544717137095,0.00177534955144413,0.0180672473953437
"Fam167a",81.9830512083137,2.666964728154,0.706752689553975,3.77354733497668,0.000160942666119007,0.00255291596674127
"Ldhb",350.908660351444,2.67167178238436,0.391610364364078,6.82227036233526,0.00000000000896128085372868,0.000000000904646833838759
"Abtb2",185.101047594504,2.6740573640372,0.558276592810462,4.78984323984554,0.00000166911657109182,0.0000492720801509667
"Pilra",569.566899726502,2.67619648203347,0.550505559250062,4.86134324543276,0.00000116591886298241,0.0000360443045089118
"Hoxb3",51.3011308362416,2.67920775573803,0.809784672418226,3.3085434276463,0.000937826388131511,0.0107817335330936
"Ifi44",316.733870607476,2.68542821557739,0.6733361632353,3.98824296421898,0.0000665644720850816,0.00122589569423359
"Aldh3b1",380.247334032802,2.68887449422964,0.43929752295817,6.12085057098232,0.000000000930771605137886,0.0000000599284993323818
"Shb",47.6392880599503,2.68989864642654,0.756432260410651,3.55603374843671,0.000376495735388828,0.00509702918588485
"Pirb",707.483620219484,2.69612935582109,0.470568965457472,5.7295094953829,0.0000000100721451606584,0.00000051962101563851
"Cish",143.25384892344,2.70154021742767,0.610174336459493,4.42748908959892,0.00000953363931980712,0.000221782556808145
"Phf11d",62.6873384418826,2.70577428734393,0.777354937670944,3.48074496760873,0.000500021348511495,0.00641864139211695
"Epb41l3",392.563914121479,2.71049624743892,0.388915316229406,6.96937388251406,0.00000000000318354614565267,0.00000000035178184909462
"Map3k9",225.681148997655,2.71767541240086,0.59133188766787,4.59585466144739,0.00000430979040023138,0.000109274902644006
"Hpgds",248.461734555957,2.72413953904953,0.550647178553141,4.94715971524157,0.000000753041874019654,0.0000245813309535278
"Gm12185",215.779795184651,2.73612452271334,0.834303970587984,3.27952954698877,0.00103980321202856,0.0117587862628658
"Oas2",255.991265046454,2.74109931584764,0.376106390534634,7.28809556240502,0.000000000000314366969457434,0.0000000000417980277927389
"Gm3512",45.5318450798045,2.74479609590872,0.964351814048115,2.84626010541395,0.00442360457593585,0.0366854103625025
"Klhl4",227.576822737854,2.74685500655665,0.60809098910167,4.51717761944568,0.00000626693353906487,0.00015296930014607
"P2ry10",306.777290009994,2.7513183599939,0.498821798980548,5.51563377065082,0.0000000347525283907575,0.00000156138145412761
"Scarf1",207.146686123229,2.75737895355389,0.622394729292114,4.43027362505144,0.0000094113595962047,0.000219249821704176
"Mn1",227.712053954299,2.75857016664381,0.750511184655355,3.67558834970672,0.000237301898491288,0.00350662745434516
"Tgtp1",1382.50785689374,2.7659578828497,0.324985554846246,8.5110179255761,0.0000000000000000172412977091928,0.0000000000000053200789195498
"Padi4",565.621991910464,2.77464358850171,0.280554526388088,9.88985501044308,0.0000000000000000000000460694652963626,0.0000000000000000000289776936714121
"Hacd4",944.058905663054,2.77685659058362,0.235850918947634,11.7737789743366,0.0000000000000000000000000000000532830321806268,0.0000000000000000000000000000968211898091079
"Slc7a2",98.8942219116116,2.7778656170233,0.913643733662346,3.04042540289552,0.00236244206071683,0.0226866573464257
"Cd28",195.342196228952,2.79735436247395,0.653748686788889,4.27894452257199,0.0000187781655478026,0.000412766289474144
"Robo4",144.89917481591,2.80570777311751,0.579859318958407,4.8386008146896,0.00000130756366727566,0.0000396732768360412
"Pgap1",247.742986132978,2.80714582972006,0.559322524201122,5.01883208392062,0.000000519865647339131,0.0000177863656832304
"Emcn",195.400201608322,2.81203846107101,0.657460146285832,4.27712383321934,0.0000189323498379127,0.000415596844629832
"Aph1b",194.939760061917,2.81491267953682,0.572217064035462,4.91930922102381,0.000000868501721788658,0.000027849955212023
"Btla",399.353450614094,2.8193634943511,0.468315898781601,6.02021733980445,0.00000000174183029565452,0.000000104727546526228
"Gvin-ps1",47.1353637056513,2.82609474019983,1.00154199874869,2.82174361507625,0.00477633451108819,0.0387901478593504
"Itgb1bp2",39.8514087922663,2.8364776497337,0.996992880483781,2.84503300400432,0.00444068216503985,0.0367897244817942
"Naprt",156.69467156625,2.8458896029651,0.580062469987441,4.9061777829321,0.000000928683539172842,0.0000295480361860558
"S100a6",693.439820452473,2.85522902560568,0.97322789671119,2.93377228011476,0.00334869795389212,0.0294275154959439
"Sgsm1",194.57824317943,2.86173324224648,0.581174439729358,4.92405213756327,0.000000847702348252065,0.0000272900082742407
"Amotl2",105.786114559615,2.86311105191656,0.840152418338627,3.40784718275079,0.000654775533703949,0.00804522845844807
"Rapgef4",39.5017867533641,2.86346688013569,0.950508942185105,3.01256174776528,0.00259052728191247,0.0243060718120462
"Wfdc21",718.747814212541,2.86366910396929,0.946176146995098,3.02657080614835,0.00247344883423736,0.0234769484823667
"Ccl6",942.427809945914,2.8661283505411,0.535581702877607,5.35143066901237,0.0000000872615701743512,0.00000360372656220035
"Xdh",1022.86553688373,2.87317607619603,0.339674457444684,8.45861681155088,0.000000000000000027056751399504,0.00000000000000771195534227063
"Dgkh",94.6063856781321,2.87745605910101,0.587601876578645,4.89694838255999,0.000000973363928163877,0.000030730489732031
"Pkia",110.078283372022,2.88066808951025,0.63429837423153,4.54150318925263,0.00000558545408739833,0.000138191401127553
"Bmf",152.693791130875,2.88153537137371,0.760627366811361,3.78836667875026,0.000151640930769617,0.00243369556605134
"ENSMUSG00000103508",281.138034438204,2.88654109731975,0.593739455694857,4.86162923759482,0.00000116423531380546,0.0000360443045089118
"Cavin3",38.951380140884,2.89006443794487,0.971775040294597,2.97400562692857,0.00293939684856902,0.0267655323282282
"Ngp",31659.7535671651,2.89420388590102,0.409799202396893,7.06249272563972,0.00000000000163541879852662,0.00000000018834957064158
"Lrrn4",81.7808275284865,2.89687914571965,0.661203096975841,4.38122440588855,0.0000118014247400467,0.000269177824544943
"Yes1",186.083833611713,2.91443815539135,0.396173316555386,7.3564726184276,0.000000000000188833594365872,0.0000000000265955266184204
"Sytl1",123.902962443549,2.9161802259305,0.99371074922752,2.93463689327851,0.00333938214532071,0.0293614277443951
"Fkbp14",47.4205665571256,2.9260302502179,1.04244607131093,2.80688884609472,0.00500224990984976,0.0403585569934302
"Kcnh2",49.9316563270023,2.92976059370409,1.00255647647999,2.92228982848985,0.0034746803933207,0.0303389872676811
"Tspan9",59.1488969389593,2.94153113809881,0.782516942174015,3.75906383563601,0.000170550322403664,0.0026741898107282
"Sema7a",58.6635514015568,2.951661833372,0.769185164694347,3.83738788636792,0.000124349974984574,0.00206878890223572
"ENSMUSG00000097838",79.9952085273156,2.956619021418,0.627681517846677,4.71038088163082,0.00000247254277902558,0.0000679596043835032
"Ighg2b",2140.12578671252,2.95956043003916,0.348865107815201,8.48339476703095,0.0000000000000000218717027503802,0.00000000000000662388568110589
"ENSMUSG00000088604",291.180222800445,2.97175469581758,1.0040157134473,2.95986871123165,0.00307770170142336,0.0276495744764783
"Gvin-ps5",155.112931800697,2.97372774808197,0.641664882746155,4.63439379034615,0.00000357984970487967,0.0000939713988327643
"Patj",486.165660085907,2.97907906374435,0.722617930883587,4.12261990247275,0.0000374587517811792,0.000759108335352422
"B430306N03Rik",414.310578675467,2.98113500763278,0.484948815116269,6.14731888130924,0.000000000788036022774393,0.0000000517571932387647
"B4galnt4",53.8163954014008,2.98321532399102,1.08406530138574,2.75187788058306,0.00592546127621082,0.0459047814832552
"Hlf",2402.82227314644,2.99512374663538,0.249448732209315,12.0069712125141,0.00000000000000000000000000000000326588384259202,0.00000000000000000000000000000890171072695831
"Cd177",3953.86841643655,2.99974631726543,0.71515214446369,4.19455683729371,0.0000273405591784931,0.000576195238150872
"Crispld1",491.659123397101,3.01360139601974,0.281442923462718,10.7076822502483,0.00000000000000000000000000936777613643688,0.00000000000000000000000851114505196048
"Cybb",9160.09894053283,3.01759366068071,0.38140509773876,7.91178114443447,0.0000000000000025373216456742,0.000000000000499944074618745
"Olfml2b",388.611907235665,3.01810533157128,0.641004678384408,4.70839828997524,0.00000249670891816414,0.0000685086873282825
"Blnk",49.8598503683218,3.02809319227909,1.06209105097716,2.85106741977831,0.0043572729533703,0.0363092195187886
"Bmpr1a",76.2326181894814,3.03357497733611,0.740358211320005,4.09744219886137,0.0000417740431726023,0.000828088123690592
"Tshz3",73.7049393134672,3.05633473971504,1.03798373428009,2.9444919402661,0.00323485371701042,0.0286580702535149
"Chil3",11589.5404594519,3.07245409763444,0.701965817332788,4.37692836569826,0.0000120363510520334,0.000273772580118156
"Gstt1",73.4054784144931,3.07562578341943,0.768272072281202,4.00330285895606,0.0000624642546557941,0.00116881054993233
"Ppargc1a",60.0588975282927,3.0767379194611,0.919460096205835,3.3462440971145,0.000819142506646076,0.00965148166692358
"Paqr5",199.953982906055,3.0862738514629,0.652531602500364,4.72969253847162,0.00000224860114532273,0.0000631706323403018
"Pde1b",120.080684860257,3.08962126009842,0.726016411114218,4.25558047008438,0.0000208507354400547,0.000452245261786015
"Ly6a2",326.655067200329,3.09012430912179,0.79042164304941,3.9094631786653,0.0000925014532551883,0.00160278669361541
"Ankrd33b",171.197346488695,3.09855673472694,0.557674748423147,5.55620770617329,0.0000000275698781587488,0.000001299359617891
"Lcn2",4238.92638271239,3.09901723992822,0.625681575051566,4.9530262093347,0.000000730681286172879,0.000023947017543229
"Fgr",728.967222499924,3.10883477313935,0.387226355673039,8.02846894999149,0.000000000000000986965834888439,0.000000000000212379463996915
"Col1a2",47.9214531851132,3.12445099243591,0.88190316192544,3.54285042545302,0.000395827140342422,0.00532348441871708
"Cfap119",268.397784698137,3.13847878851304,0.500047099670309,6.27636634745466,0.000000000346577033873507,0.0000000253032179105684
"Pou6f1",42.7221247744491,3.15361401280273,1.11699853361194,2.8232928852692,0.0047533126565157,0.0386744652659989
"Myo5c",170.778573551747,3.15501434046165,0.495550474966757,6.36668613963754,0.000000000193155856052766,0.0000000146244021754025
"S100a8",25937.0762888267,3.15784974354055,0.471888217429207,6.69194446249188,0.0000000000220224452540548,0.00000000195736450915658
"Dusp4",91.6654527211265,3.15799331093729,0.784869792404236,4.02358880606634,0.0000573179566868803,0.0010850193335665
"Rnu4atac",415.907165035331,3.1602437102404,0.835947800217482,3.78043187555279,0.000156556553675144,0.00249787890614957
"Rora",455.376024643506,3.16366351525708,0.513325152641322,6.16307909125124,0.000000000713438498029825,0.0000000474291593365031
"Slc27a6",97.8994895758051,3.16798784768192,0.595312133879744,5.32155766259229,0.000000102882488942757,0.00000418542344320856
"Chic1",65.3005756201842,3.17604992461127,0.86893827882994,3.65509265961668,0.000257089106617493,0.00374393165594166
"Rps6ka6",47.3385315910728,3.18447911170599,1.05050062095556,3.03139193655051,0.00243429038590268,0.0231590372141085
"Myof",693.659131635369,3.19671376329998,0.347888176114346,9.18891179057857,0.0000000000000000000396835442110795,0.0000000000000000180273522785554
"Gm16938",720.133497356427,3.20181789552375,0.500777077210213,6.39369899549077,0.000000000161920030568338,0.0000000126097151424505
"Adrb2",12905.0458227176,3.2114260590876,0.330840087407434,9.70688311762136,0.00000000000000000000028182337120521,0.000000000000000000164604979024643
"AB124611",621.391013970862,3.2240369097734,0.624261150925996,5.16456438942426,0.000000240999507624259,0.00000908032033237419
"Olfm4",257.157316756685,3.23119837573796,0.405844027952433,7.96167530674289,0.00000000000000169725377312491,0.000000000000351353015261833
"Rbfox2",167.660437518541,3.2338514353557,0.5060739046717,6.39007742842137,0.000000000165801778819694,0.0000000128508165441577
"Snora68",54.1554479609877,3.23385272647153,1.08932179270732,2.96868450454328,0.00299077493093964,0.0270675889433243
"Camp",7111.38714271971,3.24707261450216,0.656768710643769,4.94401234693315,0.000000765308533104369,0.000024882416998785
"Ccr1",529.707104330436,3.25142101739382,0.542715901880428,5.99101851655376,0.00000000208530892954441,0.000000123562109542642
"Fcnb",1657.64465780438,3.25302072447295,0.696562294134472,4.67010740010706,0.000003010423033773,0.0000811078390351295
"Gm37347",169.857918401525,3.25311011577375,0.726630735166823,4.4769784132884,0.0000075706901096653,0.000180219892363124
"Lif",110.594470979673,3.2548488803565,0.545662516612444,5.96494862898609,0.0000000024471101862421,0.000000142928714235012
"Slfn4",1339.31464781037,3.27134007941231,0.359177580295553,9.10786268096258,0.0000000000000000000840208184694742,0.0000000000000000361599069802574
"Cadps2",328.934596821077,3.28572484241339,0.639800672509381,5.1355445275266,0.000000281328258207948,0.0000103338080275752
"Tfcp2l1",51.820889626474,3.29379887412759,1.16627675806256,2.82420004630745,0.00473987908622361,0.0386035769801299
"Itgb2l",1270.3293607757,3.30778292265578,0.915887984741521,3.61155837587419,0.000304362552513254,0.0043245396905315
"S100a9",29037.4712580232,3.31068714084251,0.891348036117204,3.71424741705179,0.000203809319335988,0.00309744844213654
"Ccr9",113.915510362687,3.31950561343906,0.876919700587981,3.78541571276516,0.000153451839665943,0.0024579347560204
"Gm49339",528.993717635672,3.32878466110133,0.615927575867231,5.40450661981545,0.0000000649870236080887,0.00000279683627391232
"Abcb1a",85.1480315707298,3.33321045617852,1.22338509472026,2.72457991401366,0.00643833472791822,0.049071434706715
"Lilra6",112.732428921742,3.33759442657512,1.12634768178897,2.963200866427,0.0030445782123938,0.0274330755291946
"Kynu",80.3964123191015,3.34189580476017,0.674162961152031,4.95710384185069,0.000000715517389664396,0.0000234971313063685
"Ltf",23118.3503180472,3.35065987608628,0.431142358441498,7.77158590540329,0.00000000000000775094842042326,0.00000000000140843344964002
"Ddx4",394.563120589238,3.35870767490606,0.525859590410426,6.38708076481906,0.000000000169082349783666,0.0000000129820316824511
"Zfp532",323.957685821417,3.36077673801073,0.305368516373136,11.005642552568,0.000000000000000000000000000358947878528424,0.000000000000000000000000366889600340866
"Iigp1",684.526973171102,3.36578646430153,0.270034433631864,12.4642861987375,0.0000000000000000000000000000000000116913941289385,0.0000000000000000000000000000000478002648961649
"Tox",129.848970859258,3.37359883777939,0.689262605808026,4.89450437228421,0.000000985537858238002,0.0000310548865773108
"A530064D06Rik",132.366514366809,3.38743468963828,0.808702423069678,4.18872825529597,0.0000280522067377431,0.000590432160861069
"Nr4a1",2302.08350197798,3.39032112150739,0.668177178750264,5.07398520830737,0.000000389569352337583,0.0000138500373654975
"Mpdz",92.5950477245446,3.3910615479311,0.810228157625267,4.18531683454461,0.0000284768617794225,0.000596821217823016
"Gimap4",249.26268244794,3.41943156088886,0.493779834673955,6.92501256789218,0.00000000000435936817779048,0.000000000472139782646261
"Glcci1",153.148470416682,3.42954813938191,1.12741999633243,3.04194368606062,0.0023505586520013,0.0225990806553964
"Ifit1",1531.18977618206,3.44189373227513,1.18440359367664,2.90601425954032,0.00366064766438283,0.031637374560964
"Fstl1",169.719345139275,3.46927559019642,0.470702214148459,7.37042547478269,0.000000000000170084325729007,0.0000000000243996409032647
"Ccser1",171.04654385389,3.48119365146248,0.808933783150539,4.30343462465413,0.0000168170487157499,0.000374694842911954
"Ankrd22",99.556452306431,3.50155881855812,1.19361991546698,2.93356266361241,0.00335096003656475,0.0294315791825885
"Serpina3f",77.0115028830018,3.51062766517959,1.15590456856075,3.03712586719055,0.00238845699437431,0.022882733266548
"Cd86",217.71172592205,3.52401292758147,0.496825674885979,7.09305719433729,0.00000000000131181208747999,0.000000000154340826465091
"Cdkn1c",59.9814795201723,3.57794260510821,0.79686688617842,4.49001290826271,0.00000712188575547501,0.000171786607146074
"Crybg1",271.503322389101,3.58653340159303,0.447177234694167,8.02038458877705,0.00000000000000105414590689944,0.000000000000223889638460174
"Pla2g7",182.471106304033,3.5971342903359,0.976404980014497,3.68405975385592,0.000229548392133689,0.00340656479578435
"Maf",275.234198010405,3.60247912675091,0.53238413211026,6.7666913971899,0.000000000013176070046001,0.0000000012527991251878
"Kazn",39.6815763766522,3.61462972707237,1.0092642362694,3.58145032507377,0.00034169211167886,0.00474769141410033
"Nbea",173.909185243178,3.62228338643795,0.523262784122237,6.92249381448799,0.00000000000443761178607725,0.000000000477451994404654
"Gm16534",35.5621389751144,3.63653184541083,1.25642362345232,2.89435169598181,0.00379942341010612,0.0326343332189472
"Trim30b",366.758350727292,3.66082227554717,0.500872978222481,7.30888355873948,0.000000000000269371064561013,0.0000000000364073916514943
"Serpinb8",23.1246381344212,3.69918574133992,1.29897091404778,2.84778181045849,0.00440250966358829,0.0365475345372197
"Gm16070",71.508053094199,3.73010083283901,0.836929503789748,4.45688772584612,0.00000831581274314276,0.000196811579741471
"Apol7e",101.344761123487,3.75274209593215,0.596050650521653,6.29601207992611,0.000000000305400582926849,0.0000000223969557541959
"Tert",29.2944982964352,3.76455822832232,1.19328787533172,3.15477790912425,0.001606203230044,0.0167311131363946
"Gm5111",152.499944456238,3.77135967095261,0.577861178312816,6.52641120824878,0.0000000000673642200473856,0.00000000556401239724719
"AA467197",99.6105907098093,3.77726555191683,0.680139568951969,5.55366240158213,0.0000000279745518908191,0.00000130716719169006
"Thnsl2",22.5889904213205,3.77886183687104,1.34279236378173,2.81418180412388,0.0048901563321307,0.0396105084971102
"Slc26a11",92.2767347224307,3.77926919313326,1.26205921406636,2.99452604997544,0.0027487158305741,0.0254400105790655
"Zfyve9",130.923149704276,3.78504709551839,1.2187319492003,3.105725666749,0.00189812723867115,0.0190892697522765
"Gm43302",258.055442344717,3.80246949540092,0.381559126718477,9.96561012208854,0.0000000000000000000000215546316885451,0.0000000000000000000146876852764361
"C030037D09Rik",66.2406324876352,3.82379323544963,0.797297685600295,4.79594172228237,0.00000161912351861004,0.0000478827233695273
"Pilrb2",228.392079689735,3.82868333081674,0.87159432951557,4.39273547470726,0.0000111933288902677,0.000257100703190221
"Gimap8",732.403156303484,3.83997946430673,1.06738812863446,3.59754747246376,0.000321231878918435,0.00453663743336104
"Il18r1",304.975928943234,3.8430959923396,0.522482040298176,7.35546046739976,0.000000000000190270063247841,0.0000000000265955266184204
"Cxadr",79.8887685555641,3.84750467446105,0.902024160131171,4.26541199728126,0.0000199533652395196,0.000436253121827679
"Tektip1",345.014976690665,3.85591530492622,0.740750706226049,5.20541563108485,0.0000001935628758122,0.00000741341281272301
"Prr5l",37.0590489057578,3.85789030185751,0.963147548773296,4.00550290219922,0.0000618856739539997,0.00115931078103518
"F11r",118.938065603031,3.86439148321566,1.08494234478597,3.56184040726884,0.000368264228564307,0.00501047686683917
"Ctsw",52.6706076849256,3.88953314688128,1.03105098559423,3.77239651697691,0.000161687033237703,0.00256223812167576
"Mamdc2",167.709333417484,3.9015638537899,0.740559181156448,5.26840251672698,0.000000137616090208235,0.00000544933060354837
"Tead2",45.441727588954,3.90239442362927,1.07532509726078,3.6290368685433,0.000284480613697546,0.00407033766964975
"Gbp8",143.740590926771,3.92193940140892,1.13253072632693,3.46298719340598,0.000534213821106619,0.00676356799440223
"C5ar1",171.386389704087,3.94305623265052,1.17762127393176,3.34832286061351,0.000813022362405145,0.00959319459940386
"Thbs1",585.851206877735,3.94648573357651,0.338944885201309,11.6434438337448,0.000000000000000000000000000000247803562205935,0.000000000000000000000000000405257945631586
"Adam8",330.36637597333,3.96068220351456,0.58830035098419,6.73241516325561,0.0000000000166869687288086,0.00000000154180048921432
"Afmid",1650.29493631137,3.98091980032286,0.343681442419434,11.5831677506302,0.000000000000000000000000000000501576902400843,0.000000000000000000000000000683565721821949
"Ankrd63",43.7070162963631,3.99711271610754,1.26371416879852,3.16298797212017,0.00156158783307333,0.0163513950920447
"Mmp8",2927.84801904934,4.00228414520671,0.256866862472527,15.5811617998595,0.0000000000000000000000000000000000000000000000000000009776163592473,0.0000000000000000000000000000000000000000000000000159879379391303
"1700047M11Rik",73.89212109864,4.01763397422884,1.19810519209455,3.3533232313309,0.000798473990475052,0.00946935724454605
"Dzip1",118.77806341311,4.03358057239244,1.3539538162629,2.97911237735248,0.00289084734364279,0.0264856680436606
"Il1rn",174.921107871885,4.03854783545582,1.08258703728889,3.73046018135364,0.000191130349909784,0.00293535910890389
"Ifi203-ps",91.8808379450007,4.0493160227795,1.41123248399668,2.86934723279018,0.00411319973325849,0.034638140287183
"Pygm",91.0998683666039,4.05056092932768,1.13712502367989,3.5621069319357,0.000367890472800049,0.00501047686683917
"Raver2",105.403759470878,4.0672430381504,1.22167508545735,3.32923466031706,0.000870849982996923,0.0101365698376738
"Fpr2",381.303261928971,4.08964193621693,0.682574234214147,5.99149767340011,0.00000000207917300511496,0.000000123562109542642
"Nkx2-3",229.488057796707,4.11437032126505,0.72588583822731,5.66806804126772,0.0000000144416619120424,0.000000722259752016944
"Il36g",164.773543594683,4.13345232854376,0.570276645744738,7.24815290856912,0.00000000000042249349543227,0.0000000000557214405185431
"Nr4a3",113.277522012989,4.13382298495392,1.05096140335171,3.93337278778308,0.0000837621777454479,0.00148412421977146
"ENSMUSG00000094668",930.041757745389,4.13501683651812,1.15676868887703,3.57462721482575,0.000350727252558515,0.00483217648554504
"Klhl30",28.0646136296,4.13558622143085,1.30869105169083,3.16009360351909,0.00157718460518821,0.0164708027032235
"Cxcr6",42.2617859220029,4.15908916226669,1.29040768686752,3.22308151493031,0.00126819458180126,0.0138359267450152
"Kif5c",39.9735317808669,4.16656170111339,1.33266428573989,3.12649010384498,0.00176906458317045,0.0180369589732977
"Mmp9",1128.84762696183,4.16825035011862,0.441927447735272,9.43197887227753,0.00000000000000000000402423919756701,0.00000000000000000205663774490659
"1700055D18Rik",37.0100778806944,4.18552645690113,1.51571201839616,2.76142592135016,0.00575495704382422,0.0450212048463069
"4930438A08Rik",350.922512001756,4.26102645658252,0.668026525148165,6.37852884005982,0.000000000178797177843145,0.0000000136002281230083
"Klra2",196.300974377898,4.2630889817222,1.01544833250629,4.19823327810311,0.0000269005445679396,0.000567653555953657
"Prss34",1080.17458109535,4.33299493566503,0.832825912390789,5.20276191122142,0.000000196348353185267,0.00000750252562614919
"Cdcp1",106.579717162631,4.34941218607611,0.668403259927777,6.50716782342754,0.0000000000765808438473797,0.00000000623086129492561
"Lurap1",63.037179732479,4.48248154562401,0.822582225843569,5.44928081934564,0.0000000505739062388743,0.00000223536665575825
"ENSMUSG00000097131",24.3800736734531,4.49210480497475,1.20005547861565,3.74324761231599,0.000181657058003111,0.00281861435159665
"Septin5",263.020638501347,4.55783529889547,1.61452999135121,2.82301061194966,0.00475749968626612,0.038689283873295
"Lancl3",54.0933856851959,4.58922072846407,1.18331909778189,3.8782613557632,0.000105205659732559,0.00178663900235334
"Slc7a11",234.022625864198,4.60498876055334,0.842233721067703,5.46759010636095,0.0000000456195316939551,0.00000202184775426271
"Retnlg",1511.23904627856,4.62350853481391,0.357678390987294,12.9264407672259,0.000000000000000000000000000000000000031925952710953,0.000000000000000000000000000000000261058515317463
"Rag1",74.9292401380316,4.6403712614326,1.33638313580605,3.4723359919038,0.000515950158323304,0.00657153340281878
"Tlcd5",73.7966121044191,4.65088298827339,1.14655118767288,4.05641112082675,0.0000498325129139536,0.000966738927870459
"Prkaa2",63.9537172579505,4.65555180381387,1.18875746487934,3.91631761848614,0.0000899117769297345,0.00156760895512674
"Cd101",90.1845628636521,4.6979268606052,1.31320926389457,3.5774396280701,0.000346976324782774,0.0048036391984799
"Ttll7",41.4107117796848,4.70050471202759,1.70380727192838,2.75882418714385,0.00580097349010993,0.0452404007902994
"Gbp9",88.9544098911055,4.72258247972598,1.62215971926083,2.91129315051537,0.00359936141912722,0.0311779431400458
"Ifitm6",827.233998039359,4.73051835366691,1.70327472440924,2.77730790334344,0.00548112286673493,0.0432993352030446
"Nrk",60.8340286777262,4.74343188418117,1.58766633189529,2.98767555177583,0.00281107800073465,0.0258999265487405
"Mapk13",106.024622602178,4.74491846375172,1.19277055635119,3.97806471536901,0.0000694784636542539,0.0012738237607642
"Acp3",257.597010814573,4.75811025134627,1.72605722929425,2.75663527871076,0.00583994502839801,0.045500934251749
"Zfyve28",31.1891930838955,4.83400183349586,1.70254731062159,2.83927606788853,0.00452160191368239,0.037271309322763
"Lin28a",240.46639521775,4.85153873541161,0.814889552272775,5.95361509038911,0.00000000262283257222289,0.000000152105687539479
"Ecscr",31.0622494323181,4.94792355077945,1.77031244978674,2.79494365606223,0.0051908761306165,0.0415926980527168
"Snx21",31.7302557278036,4.95562491753456,1.38788217936806,3.570638049255,0.000356112707787353,0.00489812213890191
"ENSMUSG00000095547",643.6183426546,4.96591113328945,1.52236960669638,3.26196155746023,0.00110644147074845,0.0123476056966493
"Ikzf3",115.361818346732,5.01288867996694,1.32761333227559,3.77586497370783,0.000159453356760478,0.00253914332664154
"Lax1",396.293936942468,5.01581837022548,0.716827925872396,6.9972418612474,0.0000000000026105042571471,0.000000000292412237132765
"Ltb",207.764579216705,5.06430372763165,0.597876480528076,8.47048494558373,0.0000000000000000244373499434468,0.00000000000000726633492682053
"Igkc",1094.13194412326,5.09409197934569,0.502044138471552,10.1467014331736,0.00000000000000000000000342752890222257,0.000000000000000000002437122072476
"Fabp4",114.009692486788,5.09638486516282,1.26992731575708,4.0131311468992,0.0000599186007781954,0.00112625359546149
"Ndn",52.1599983784137,5.10161617035965,1.85813176529533,2.74556211009546,0.00604073318627451,0.0465991276077044
"Iigp1c",141.67768322125,5.11026612488112,1.01241317720896,5.04760925669615,0.000000447372940721658,0.0000156666746735803
"Chrnb1",100.255066412941,5.17403731921422,0.886796013637892,5.83452929382128,0.00000000539426307920437,0.000000295042737114744
"Lrg1",131.864387263812,5.23964413191734,0.974303339861338,5.37783657055208,0.0000000753861977800052,0.00000317748937756238
"Bank1",162.23838319615,5.25555458140411,1.06701702100738,4.92546461577746,0.000000841601399059675,0.0000271470400004377
"Sema6d",63.8641737099621,5.30114658365509,1.83209027909213,2.89349637632596,0.00380978686820219,0.0326802930676778
"Gas6",191.922582416978,5.32255640789547,1.12640883232553,4.72524385032276,0.00000229839384100146,0.0000636005632415193
"Ccdc148",36.290521012174,5.42574568386526,1.53542192636026,3.53371642720192,0.000409760454729359,0.00546592371667532
"Spint1",35.2812533945256,5.43839445848881,1.67157455571321,3.25345611411776,0.0011401033434706,0.0126408475112666
"Procr",378.012663868157,5.44218102085307,0.662502644430263,8.21458007240593,0.000000000000000212907989912807,0.0000000000000527560191974855
"Lhcgr",31.2805088196482,5.45745310944507,1.30787847860698,4.17275243741131,0.0000300941877753833,0.000625362575449324
"Sult1a1",95.1100848117662,5.46529805958893,0.944711924354211,5.78514774577966,0.00000000724486253771764,0.000000385936423263304
"Acod1",27.8084240697512,5.46859590190733,1.90032589997725,2.87771476564772,0.0040056714431412,0.0339558146192409
"Pcdhgc5",25.2773776909599,5.46910360764437,1.56290535426292,3.49931849214482,0.000466449057951127,0.00606383775336465
"Pbld2",18.6099986367027,5.48246350338056,1.9872024821075,2.75888519300067,0.00579989070240814,0.0452404007902994
"Cstdc4",73.219335290546,5.54025552221981,1.20600894972014,4.59387596046072,0.00000435088059141085,0.000109827094928116
"Serpinh1",60.7732742185715,5.61647575133693,1.58210068236218,3.55001158519897,0.00038521419866311,0.00519356389524855
"Mocos",165.185104216464,5.66121174233022,0.797437727207492,7.09925245467748,0.00000000000125433498885174,0.000000000149732805895484
"Fgfr3",22.0472175668035,5.71402107256138,1.84945329165987,3.08957306374204,0.00200444398206905,0.0198430247474317
"Oas1e",53.1003787536709,5.73107073748712,1.81964824430504,3.14954868635939,0.00163522859310638,0.0169471029224726
"Jam3",41.3211835199976,5.85850399545456,1.24292511762236,4.71348105560977,0.00000243520374748079,0.0000671590591674552
"Sema3d",410.490398314177,5.88633237360175,0.509423674046088,11.5548857925068,0.000000000000000000000000000000697401345598429,0.000000000000000000000000000877330892762824
"4930426L09Rik",53.7183705632275,5.9058981865832,1.76619160749596,3.34386040649143,0.000826212991266541,0.00970681555975072
"Capsl",46.772713470415,5.91147744208614,1.44502872930679,4.09090651430994,0.0000429690324851443,0.000849716514222552
"Pabpc4l",58.5184311658503,5.9758907740865,1.06194515349793,5.6273064144627,0.0000000183045405294704,0.000000897815399444672
"Apbb1",47.4252354887927,5.97969661527234,1.20061589840034,4.98052426528709,0.000000634122504829656,0.0000212074426257346
"Pou2af1",28.1496190166263,5.98147805289396,2.01169567095547,2.97335135689436,0.00294567042793297,0.0267928221237018
"Plekha4",104.852305364245,6.03683865883266,1.60873154527291,3.75254571004795,0.000175047901302175,0.0027293762970635
"Hes1",145.296677314932,6.04089807145288,1.25580863032605,4.81036515084665,0.00000150654815403139,0.0000447152241579479
"Plcl1",44.9863216357617,6.06688382780842,1.56799914071741,3.86918823503476,0.000109198314430354,0.00184106106617939
"Gm22357",47.3992473464762,6.09678853388348,2.05540522645724,2.96622216164746,0.0030148262429772,0.0272400377777067
"Gm12403",254.774681921616,6.11995609393083,1.6269738226734,3.76155781282005,0.00016885837989344,0.00265274730526159
"Grm1",17.5772754123214,6.16193436795274,1.87463172091448,3.28701061611549,0.00101257016415632,0.0115156971242089
"Sparc",17.8035576571041,6.17423170604736,2.149537496944,2.87235357132651,0.00407426843369267,0.03441662498172
"Ttn",52.6604188505779,6.21569886313689,1.11673793411045,5.56594226208324,0.0000000260739574284954,0.00000123598115879888
"Cmbl",49.6085035916602,6.22283859393237,2.23982907777873,2.77826493801198,0.0054650038486676,0.043238835481911
"Crispld2",185.572718576756,6.22320711042399,1.06566365705708,5.83974790658609,0.00000000522798690495546,0.000000287873730113271
"Tnk1",357.608334453418,6.22568452012459,1.33388677586128,4.66732606754025,0.00000305144870883668,0.0000818088396464181
"Cmya5",38.5883631282603,6.27036859853251,2.03276520109183,3.08464971515875,0.00203792012659842,0.0201309975097513
"B3gnt3",262.307104432812,6.32373818747234,1.51569166267938,4.17217983260096,0.0000301699366145798,0.000626141044917307
"Edar",49.5749294912449,6.39660984400258,1.36944433238335,4.67095280380626,0.00000299805824159785,0.0000809079941965202
"Pltp",48.16176626234,6.43937310208511,1.71836233017753,3.74738958658377,0.000178684448809642,0.00277512390867321
"Tro",50.2516529847564,6.47879825971355,1.63997628943858,3.95054385934535,0.0000779738067600611,0.00139669620564517
"0610043K17Rik",38.643548202809,6.48750818693768,1.43561064418286,4.51898863610776,0.00000621357293816118,0.000152120915914203
"ENSMUSG00000057924",24.9623250809548,6.52917670388012,2.21642232895864,2.94581796013027,0.00322101905033095,0.0286285573636481
"Tnfsf12",21.4087708278568,6.53470521009545,1.88793896769447,3.46129049821752,0.000537592365292748,0.00679427012519135
"Fblim1",32.9962029890585,6.55237999014608,1.87593317610523,3.49286428408394,0.000477869309590743,0.00618770759227792
"Gm17233",22.6732029466787,6.55958432869023,2.10155892714786,3.12129450378658,0.0018005786603194,0.0183126016236713
"Abcg3",364.478937840924,6.5859018403773,1.42521279797357,4.62099543993809,0.00000381903170622627,0.0000988234881702918
"Spo11",32.6896659796524,6.62610717022555,1.59301384124653,4.15947871805096,0.0000318974738358791,0.000657820034189113
"Edil3",17.0117946209596,6.7101215232398,2.032333515231,3.30168324881318,0.0009610653394511,0.010998784157721
"Nrbp2",12.4601637946543,6.72088633308523,2.31399438005159,2.90445231458833,0.00367896240557729,0.0317329911291197
"Gm15956",51.2498694546219,6.73319136002768,1.68220299201586,4.00260336712336,0.0000626492816146763,0.00116928810340132
"Igkv15-103",115.972627966077,6.74570414565171,1.43722837142427,4.69355064217584,0.0000026850348219057,0.0000730633269175472
"Asap3",16.0271631041014,6.83006304270404,2.41404678695108,2.82930019402414,0.00466499189342977,0.0382412418171181
"Ighv8-8",39.2239285592083,6.84662794167791,2.37265444152981,2.88564058121478,0.00390617964972694,0.0332890369940773
"Klrc1",50.1500346734467,6.85777267008574,1.54370888100261,4.44240021838297,0.00000889608917055215,0.000208732628831004
"Ear1",455.967440162693,6.92746941782823,2.07097807989319,3.34502305219257,0.000822757317519956,0.00968012458325278
"Fgf1",54.290336746666,6.95034290075427,1.69446088844825,4.10180190533593,0.0000409945172281254,0.000816594804809699
"Aff2",29.5896031916691,6.95177120838168,1.830181074342,3.79840623741616,0.00014562949928506,0.00234851373204293
"Gm11714",13.157776526878,6.98033779181717,2.19809445131049,3.17563141458982,0.001495107849688,0.0158054258395588
"Ighv9-3",13.901635687656,7.14532753780682,2.26761775224838,3.15102822365988,0.00162696767717035,0.0168721809717463
"Apoc2",38.8105877801135,7.17436948391059,2.5692873803454,2.79235773265119,0.00523254716983361,0.0418245730280835
"Kif19a",24.9095299726696,7.20507908208377,2.2182660353174,3.24806807090333,0.00116191469806794,0.0128391574136507
"4732491K20Rik",17.1399258998307,7.24966608563844,2.35708500390552,3.07569140426683,0.0021001508398882,0.0206033994214347
"Map1b",22.6465544195182,7.27980581223041,2.10580562590176,3.45701698328069,0.000546190425568854,0.00687636506524483
"Sytl2",34.2075547334162,7.29442432683899,1.97115335496138,3.7005869221078,0.000215101382139073,0.00323027364876254
"Cyp11a1",44.9846654107353,7.32024703933802,1.53601859299002,4.76572814466287,0.00000188172837026784,0.0000543706462320854
"Gm37953",53.9750593505109,7.32389842732319,2.31265406114651,3.16688023097252,0.00154083764406565,0.0161738503408535
"Cdh23",21.7244974538896,7.36117684374452,1.74846486344886,4.21007993790883,0.000025528034821895,0.000542695120291818
"Igkv12-46",47.6862672806381,7.37863215777134,2.03932774771352,3.61816886277559,0.000296694798713253,0.00422660865693078
"Mpzl2",6.88136480864537,7.4104336351786,2.637351716108,2.80980105532316,0.00495721321236739,0.0400149382404029
"Col9a3",43.1225556134173,7.4482642049175,1.83047781213289,4.06902730836092,0.0000472098143780656,0.00092022563091643
"Dsg2",15.761262084804,7.46795896580501,2.35552670056442,3.17039877493878,0.00152229862410556,0.0160617236765305
"Bcl2a1d",32.9050069897989,7.47006081124886,1.80510425747725,4.13829881587492,0.0000349890488284073,0.000716158829211229
"Snord94",154.415818048087,7.5234615953375,1.70710994124251,4.40713360843157,0.0000104747579794063,0.000241613810994656
"Stab2",86.636227970295,7.55272501522823,1.79405221806051,4.20986911038366,0.0000255518675935368,0.000542695120291818
"Nscme3l",18.180237882979,7.56493553288415,2.1253743092127,3.5593427002919,0.000371784133411471,0.00504577403967735
"Lef1",20.6298540048022,7.59139451938449,2.13128094601902,3.56189292339159,0.000368190555512939,0.00501047686683917
"Amer2",27.3417603407961,7.59432265358844,2.12021612753722,3.58186250682367,0.000341153337208116,0.00474423611964416
"Gm11346",26.3309437011707,7.59678772840287,1.99486622420493,3.80816900713763,0.000139999579616832,0.00227138206850563
"Pappa",29.933008879923,7.60382917045222,2.71894643352035,2.79660867044269,0.00516420407805936,0.0414403304674106
"Runx1t1",1049.31636524789,7.65672083353268,1.36153180889956,5.6236077508326,0.0000000187010023841934,0.000000910226764854463
"C3ar1",25.1802446378081,7.66626993017348,1.95131221377673,3.92877668476002,0.0000853790783864666,0.00150624535915024
"Ifit3b",22.148359053685,7.66660987968606,1.8992756238566,4.03659678636771,0.0000542321582178278,0.00103975699354555
"Gm14703",16.3365390779786,7.70033275809556,2.18293432454295,3.52751462630825,0.000419480584974786,0.00558192472471737
"Arg2",17.8628092026582,7.70052998959458,2.04992903330489,3.7564861341467,0.000172315814123902,0.00269412315887408
"Tmem45a2",31.465469948132,7.73893300967679,2.7081466555743,2.857649157865,0.00426791993129428,0.0357673315314351
"BC034090",26.6573067975831,7.76348073303823,1.81934013076276,4.26719589249283,0.0000197945333879122,0.000433359838053436
"Gm37931",16.9360297893335,7.76512669183536,2.07811274043424,3.7366243614929,0.000186507226186828,0.00288020696606174
"Smtnl1",25.3412495883324,7.85943681219248,2.72872514959891,2.88025960157538,0.00397347846138818,0.0337394946820053
"Ighv1-54",30.7412768562453,7.8636814643201,2.07037818663041,3.79818601021799,0.000145758923689836,0.00234851373204293
"Gm20661",125.687699707602,7.8696755654325,1.58057079335306,4.97900859520349,0.000000639108047578742,0.0000212583189381585
"Gpr84",26.0925262743107,7.91363009278448,1.87446427594343,4.22180896928618,0.0000242349465845603,0.000520129024204593
"Dnah17",7.61375422497271,7.93551222983083,2.85439564934442,2.78010241210023,0.00543417577453072,0.0430365668845886
"Dixdc1",16.7841304311525,7.93802408979406,2.76403760687966,2.87189438741224,0.00408019302347215,0.0344488780102548
"Sirpb1b",34.5052969418778,7.94149544566319,1.97508641215066,4.02083442871532,0.0000579923559175288,0.00109515818553726
"1700102P08Rik",134.108602961372,7.94205710687986,1.57112891782033,5.05500027196883,0.000000430390155372094,0.0000151367754859252
"Cd300lf",368.702961237426,7.94303554396091,1.08139950416738,7.34514442937222,0.000000000000205537032398264,0.0000000000284860392189934
"Fam131a",18.7308305218909,7.97136316901322,2.04418685628505,3.89952765056897,0.0000963805305911505,0.00166091380114613
"Rhoj",18.0281450653484,7.99397994163286,2.09819258945478,3.80993621930107,0.00013900264686812,0.00226193958893655
"Tns2",18.8207223910933,8.01706776400749,2.13645346149291,3.75251223979639,0.000175071281375786,0.0027293762970635
"Gm5970",17.2322049611592,8.02553502909625,2.73164210355152,2.93798921120081,0.00330348519478406,0.029108403488954
"Meg3",8.51694948149247,8.04404998042568,2.85577880260545,2.81676226922294,0.00485104179829818,0.0393326413333507
"4933439K11Rik",14.5189122400775,8.05790166036638,2.91932931387156,2.76018934283236,0.00577678700219426,0.0451163202645104
"Arhgef37",160.729422882513,8.06613147986134,1.6199063608835,4.97938132390692,0.000000637878527811753,0.0000212583189381585
"Tnfrsf11b",16.0421535849358,8.0693653605878,2.95439994143927,2.73130433270207,0.00630841881336721,0.0482769683078181
"9530051G07Rik",8.67585869819564,8.07204805829816,2.88707580702081,2.79592521909834,0.00517513734150425,0.0414950454530692
"Gm14827",14.2027641968724,8.1368311466581,2.94093255276109,2.76675204231354,0.00566178003319941,0.0444729830273502
"Klrc2",31.7155447311346,8.13897520985378,1.90990928535155,4.26144596095604,0.0000203108469931681,0.000442295062218735
"Sycp2",41.6708545140756,8.1885899900797,1.73278974462099,4.72566854432232,0.00000229359504593408,0.0000636005632415193
"Sncaip",38.5215246297678,8.19906799314166,1.96168733911424,4.1795997912918,0.0000292022555610625,0.000609150111537776
"Crisp2",29.1978706754577,8.22413822018191,2.79256134292063,2.9450161376153,0.00322937818854568,0.0286480292053735
"Ndnf",23.5117404668843,8.24137214210584,2.04467450972371,4.03065236198375,0.0000556222593594183,0.00105788630926422
"Ccno",40.1009858656534,8.24293260951386,1.77876955205617,4.63406437331099,0.00000358555416849975,0.0000939713988327643
"Tnfrsf4",39.1973074323007,8.25424075984557,2.21145387912027,3.73249509645174,0.000189592388824577,0.0029195799687732
"Gpat3",35.825724450733,8.26222064662348,1.78328352846129,4.63315031780312,0.00000360142840458296,0.0000942364162056796
"Csrnp3",17.2417945183043,8.27327814908224,2.95911187126881,2.79586528289477,0.005176097145913,0.0414950454530692
"Snora20",170.336303050578,8.31472219021142,1.78362031185942,4.66171086689596,0.00000313591542216762,0.000083798628781257
"Mapre3",17.7497572700081,8.35229207687102,2.03169943359447,4.11098804220966,0.000039396960616278,0.000791520754199767
"Gm16094",11.7704678649066,8.37640522285327,2.73405459125137,3.0637300548631,0.00218596059758655,0.021342805739063
"Gm11839",38.9473734331087,8.40391635511999,1.81679127398094,4.62569172115484,0.00000373350266664584,0.0000969169882703588
"Ocln",26.1321910794156,8.43517864855365,2.64332137609936,3.19112867804258,0.00141718147063207,0.0151283196936795
"Ecm1",18.7616224067918,8.45144108619174,2.07879500146684,4.06554810850913,0.0000479197077175835,0.000932951071444477
"Edn3",13.2745892679747,8.45164259310075,2.78408247262752,3.0357012323433,0.00239977026617513,0.0229627760158588
"Lzts1",31.3751981964498,8.47407136386285,1.90165967455179,4.45614505963595,0.0000083446578934367,0.000197208865880439
"Klc3",10.535324656015,8.48182283088102,3.08316460934268,2.75101199760117,0.00594114673357862,0.0459827324566705
"Igkv4-55",10.5470493152837,8.48466602518357,3.11800059944359,2.721188067346,0.00650477430374628,0.0495323214912166
"ENSMUSG00000097103",11.1507130293702,8.51269027834567,2.57508568718065,3.3057891318816,0.000947093339507185,0.0108769413443122
"Tox3",10.799370301099,8.51884645656762,3.10268664285924,2.74563545634669,0.00603938299845962,0.0465991276077044
"Gm37851",16.0549704984067,8.52715089622065,2.78690061262493,3.05972550925994,0.00221539932695169,0.021553028312295
"Samd3",13.8268686752618,8.52847781152576,2.85276499566447,2.98954797345278,0.0027939057017964,0.0257852899814776
"Gm33933",11.0857409611011,8.55506902601383,3.04349896599232,2.81093212831912,0.00493982050781045,0.0398942343628307
"Fcgr1",123.758726877267,8.55647076062239,1.59932917955609,5.35003729688552,0.0000000879361071146206,0.00000362243600945215
"Sh3d21",19.7520569132857,8.5628538497236,2.18121275761645,3.9257306834574,0.0000864668578562449,0.00151984018877836
"Slco2a1",14.792184260986,8.58325924087755,2.20079217587896,3.90007713356647,0.0000961620466342376,0.00166064848010171
"Zfp92",11.404490945608,8.595718516935,3.04314830889262,2.82461373696996,0.00473376442079211,0.0385960578125495
"Ripply3",11.4359387190122,8.600121834844,2.99574979670459,2.87077440322432,0.00409467635252339,0.0345355013249962
"Nlrp5-ps",11.4781796005846,8.60630352696636,2.98834210692823,2.87995926136212,0.00397726559481998,0.0337541263817779
"Prom2",11.6129007001686,8.62377472464839,3.05408070411737,2.8236892080233,0.00474743953208851,0.0386459064747514
"Pclo",11.687328153727,8.63092205236873,3.04394951481984,2.83543534817119,0.00457632766259411,0.0376275830035516
"Setbp1",17.861070546613,8.65775267138366,2.63634077081508,3.28400363383483,0.00102343602773931,0.0116069852965663
"Trpc1",18.6832189915877,8.66121196792811,2.65467855730358,3.26262173779921,0.00110386750329708,0.0123394731024747
"Fbxl21",11.9675634610633,8.66683642772293,2.96704317358644,2.92103482176392,0.00348870831826362,0.0304127589748845
"Trib3",25.2202613631148,8.67574325685744,2.03482249118822,4.26363640780838,0.0000201126622724543,0.000439148836854097
"Hoxa2",12.0788352421099,8.67871529073804,2.96650877877131,2.92556534902036,0.00343830953617335,0.0300695797618069
"Chil5",28.6195444589749,8.68103667850618,1.84227145855146,4.71213763759435,0.00000245131715927159,0.0000674896310146928
"Ccr3",654.811434489005,8.68364468878604,1.82579377339858,4.75609283770428,0.0000019737572854033,0.0000566295204306764
"Meis3",19.5498611329022,8.68502635414305,2.18741763651712,3.97044725668923,0.0000717378362944711,0.0013079159138905
"Crybg2",12.3419493360934,8.71026666529919,2.9056281094586,2.99772246728511,0.00272005252860794,0.0252461629130841
"4930445N18Rik",12.4506192163574,8.72335444043739,2.89040763720864,3.01803604728287,0.00254418639605253,0.0239399449488165
"Pcdhb21",17.9961036062593,8.7659958196335,2.58092533779528,3.39645463247756,0.000682648725796137,0.00830657534350448
"Kif6",13.0709979720182,8.79205317543318,3.05693728460673,2.8760986428167,0.00402623866408827,0.0340284791279067
"Mafb",105.359082279998,8.81065847265238,1.67955710997848,5.24582249707799,0.00000015558664337621,0.00000610183205221713
"Wfdc18",13.282941178462,8.81571198100478,2.88321089975734,3.05760219682395,0.00223115547359295,0.0216547873086879
"Gm11511",25.0159112682472,8.82102059169935,1.9897370931289,4.43325935982233,0.0000092819095739124,0.000216851927388233
"Il1rapl2",13.3305786141186,8.82175475872083,2.81641246281932,3.13226662471517,0.00173462270357405,0.0177744484299812
"Evc",13.393474160927,8.82930100238385,2.85605018298727,3.09143762773414,0.00199189824715407,0.0197666892803141
"Ccr7",31.3460379821082,8.83424628658009,1.84485766451264,4.78857879201964,0.00000167966614123895,0.000049405144017665
"Sdc4",142.546162328872,8.84393782923399,1.14946009055292,7.69399294670579,0.0000000000000142612919635631,0.00000000000245504388181169
"Prr15",13.5613133835974,8.84592081458408,2.82500699023662,3.13129165526177,0.00174039225794833,0.0178112484270882
"Cnr1",13.6286739333894,8.85336958848023,2.79924441160564,3.16277119346001,0.0015627510412661,0.0163513950920447
"Gm3411",13.721154151401,8.86301859014799,2.79769911012962,3.1679670476563,0.00153508918939833,0.0161342214674938
"Gad1-ps",20.8748091950856,8.86562297408321,2.29447582557057,3.86389905497418,0.000111591352083865,0.0018775359794028
"Cyp26b1",13.8082378153286,8.87188367754609,2.81338602583134,3.15345409271538,0.00161350604212121,0.0167858001354009
"Jag1",29.5383105746776,8.87702812720782,1.94510832333576,4.56377057293353,0.00000502429838277443,0.00012544637519373
"Exph5",23.6540239599284,8.89442786438326,2.74839942383921,3.2362209754646,0.00121123578525091,0.0133301144226066
"Cx3cl1",45.5075419019922,8.89723658888924,1.78423649226473,4.98657920486538,0.000000614577181020343,0.0000206381832000137
"Aire",17.6242047535545,8.89751470133532,2.53223992693687,3.51369339322369,0.00044192258851557,0.00582563549748875
"Pcdh10",17.3619643774584,8.9337694392661,2.61109931959502,3.42145906600433,0.000622861002818459,0.00772051723979809
"1700003C15Rik",14.6738706530384,8.96023218966466,2.71595156785535,3.29911339204775,0.000969907243784961,0.0110893899150574
"Atp9a",14.7717474251341,8.9698778365403,2.70911165895736,3.31100337148617,0.000929620885528237,0.0106988177071983
"Fam171b",15.522574989395,8.97139326153921,2.41096224616008,3.72108409239003,0.000198369362560852,0.00302624305533598
"Npas2",17.438062221218,9.01173267561894,2.5897992442781,3.479703183762,0.000501969574290322,0.00643355048428208
"Iglc2",64.5259008102639,9.06359809847746,1.82390262656973,4.96934319104723,0.000000671800742007834,0.0000222401403538383
"Scrn1",15.8636500293391,9.07320356552602,2.65195173249997,3.42133058242836,0.000623155359944569,0.00772051723979809
"Mxra8",15.9310105791311,9.07955795483362,2.67202965755832,3.39800044103195,0.000678803106646371,0.00828443731798116
"Asb4",16.2488290125375,9.10732414458882,2.61199955025985,3.48672500486564,0.000488973865824013,0.00629164327433982
"Alox15",264.106766916334,9.12031185916012,2.07135096673718,4.40307413162655,0.0000106727676536893,0.000245834425645684
"Cacnb1",51.0595255043529,9.16965192422944,1.61997528381921,5.6603653252112,0.0000000151051089377024,0.000000750847877103904
"Vnn1",17.2149405231257,9.18987007591245,2.61619674363259,3.51268309551992,0.000443606237802404,0.00582709752049841
"Bpifb5",17.2266651823944,9.19159100794814,2.55420134680122,3.59861645968488,0.000319914585414666,0.00452193874664775
"Ctla4",17.3299385085742,9.20039903782396,2.54847450079793,3.61015934628474,0.000306008955494199,0.00434039068356646
"Epcam",17.8866829188449,9.24646828271334,2.54206622551971,3.6373829249169,0.000275422314324712,0.00395804615858202
"Zfp354a",18.0150759132444,9.25664539301146,2.52317216923059,3.66865388969242,0.000243830908781252,0.00358275892381724
"Myl10",18.7117452246645,9.30986484001614,2.62078421657256,3.55232024870461,0.000381849812231697,0.0051524520043211
"Mcemp1",520.280082701504,9.3304973222989,1.09309457342211,8.53585549609698,0.0000000000000000139122151296735,0.00000000000000437539165828232
"Gm19331",19.2227153014797,9.34930202067866,2.47333352413944,3.78004095664034,0.000156802563256455,0.00249936561354393
"Pcdhb19",26.5716192172938,9.36244201948668,2.48250762954421,3.77136485224242,0.000162357082735542,0.00257036566414042
"Ncr1",36.2002583538845,9.36553534261777,1.74479457150284,5.3677008718287,0.0000000797466699131788,0.00000335264020503888
"Ighv1-26",36.7943724304465,9.38126121637797,2.7932260967175,3.35857567255385,0.000783452673493468,0.00932777437317679
"5830405F06Rik",19.9141808113344,9.40115504987602,2.42245065942895,3.88084480205353,0.000104094253525473,0.00177454830667863
"Chrm3",47.5397234148183,9.40624145542621,1.74862021294523,5.37923637493765,0.0000000748024424308124,0.00000316922057905053
"Dennd2a",50.1065680941787,9.41031680439763,1.67473414672116,5.61899142190502,0.0000000192075391550919,0.000000932107107840867
"Clec14a",20.1439840297128,9.41684575692465,2.42916755141228,3.87657317069374,0.000105937961429809,0.00179163332080982
"Ighv11-2",188.274302915829,9.47284396944027,1.7540280987449,5.40062270166517,0.0000000664099689986295,0.00000285057383990443
"Ccdc30",21.1335448588384,9.48666917435344,2.36025730341084,4.01933685816547,0.0000583621774310738,0.00110087087624888
"Sytl5",26.4233874828518,9.49468416584657,2.49163157540825,3.81062925175479,0.000138613516757072,0.00225785403689757
"Podnl1",21.7423917077493,9.52828177447948,2.38386213204981,3.99699363749967,0.000064152024585956,0.00119220705690764
"Gm8108",21.8778516059151,9.53574854926413,2.38468847368378,3.99873973246228,0.0000636806590217209,0.00118479351267489
"Bst1",151.70371436793,9.57950338003673,1.58008650388505,6.06264489727813,0.00000000133901082501337,0.0000000829476630010177
"Wfdc2",23.5947907212833,9.64601643753939,2.28513193467899,4.22120766470949,0.0000242996943723026,0.00052083512682128
"Ifit1bl1",61.6726563772281,9.65936356560858,1.64711906583494,5.86439909898814,0.00000000450762101880722,0.000000251596020961001
"Il1r2",108.897234713587,9.66553238620487,1.6760585105219,5.76682277231191,0.00000000807799211397285,0.000000424782903639588
"Speg",30.387766111501,9.69753883474246,2.42386875326543,4.00085145768637,0.000063114969801742,0.00117560616872174
"Gpr137c",50.5739862193455,9.73178263523457,1.88220225239765,5.17042343501485,0.00000023356415486397,0.00000884191710334577
"Gm37469",28.0107773723415,9.89344782348672,2.14144396041279,4.61998913180976,0.00000383760145594186,0.000099147131454144
"D630039A03Rik",36.2393287258546,9.90703619208381,2.27264766146769,4.35924862443735,0.0000130509772411249,0.000295208411896758
"ENSMUSG00000103661",30.0699157097158,9.92202107429128,2.11976582618566,4.6807156487399,0.0000028587522277998,0.0000774040296911223
"Smarca1",29.3916525373313,9.96162963922381,2.16182905832178,4.6079636134399,0.00000406631798938242,0.000104069740842504
"Bco2",55.4688318853878,10.0179529907945,1.93881062656615,5.16706111134611,0.000000237803527429757,0.00000898161405909065
"Flrt3",30.7710501051577,10.029453263428,2.12771055011999,4.71373009964273,0.00000243222782243494,0.0000671590591674552
"Kcnd3",42.0570735096726,10.1047612548708,2.35786605345861,4.28555355807797,0.0000182284724787014,0.000401222663414108
"Mmp25",166.013402348579,10.1586454793692,1.50924234712768,6.730957091618,0.0000000000168550671076295,0.00000000154858296336052
"Mapk12",33.9998592806979,10.1723093606178,2.00086647616794,5.08395211863399,0.000000369661163766326,0.000013228531011454
"Igkv14-126",294.039491436021,10.3091419082291,1.56596491254334,6.58325216973454,0.0000000000460267509028218,0.00000000392042439721223
"Gbp4",39.3267483903405,10.3517596444055,1.94614994338811,5.31909665006786,0.000000104283730165522,0.00000422142604734391
"Chl1",42.0173706326442,10.4774415846802,1.90526584817521,5.49920190650304,0.0000000381514082660282,0.00000170472166880499
"Ighg3",312.15878159706,10.5265924485345,1.56108284723722,6.74313504063178,0.0000000000155005015772172,0.00000000144854401596462
"Ighg2c",651.478379724871,10.5823636510257,1.51902089075892,6.96656887038512,0.00000000000324763949884797,0.000000000355016438576016
"Osgin1",50.5115431433146,10.6211436860386,1.76079392669164,6.03201971851112,0.0000000016192301427769,0.0000000984419693493436
"Skint3",147.160003052044,10.930957917515,1.56914284542951,6.96619683118963,0.00000000000325623491417405,0.000000000355016438576016
"Postn",100.940054562393,11.7422347070439,1.60234074211711,7.32817583576468,0.000000000000233306487959085,0.0000000000320629773452342
"Igha",604.66115125184,11.8965317719829,1.36745673930534,8.69975000307968,0.00000000000000000332616108838078,0.00000000000000115736251998679
"Slfn1",640.626809701591,11.9924259862575,1.48180722954029,8.09310802861854,0.000000000000000581612384578043,0.000000000000132106790797074
"Gm38329",56.1368910279802,17.1334732637241,4.1442603783069,4.13426563480644,0.0000356091422900024,0.000727939891263374
"ENSMUSG00000103235",141.920785263043,22.9308010116312,4.6233442596294,4.95978662282642,0.000000705706522638764,0.0000232215784129464
"Gm4841",149.871660733082,23.8676405550359,4.24368284840963,5.62427528343232,0.0000000186288378356761,0.000000909420937207903
